gene_id,tpm,tissue,enzyme
at1g01090,6.26347,Silique septum,PDH (chl)
at1g01090,7.18221,Hypocotyl,PDH (chl)
at1g01090,4.98584,Callus,PDH (chl)
at1g01090,9.93845,Embryo,PDH (chl)
at1g01090,4.47505,Cell culture late,PDH (chl)
at1g01090,6.60528,Leaf distal,PDH (chl)
at1g01090,5.73095,Senescent leaf,PDH (chl)
at1g01090,5.53149,Sepal,PDH (chl)
at1g01090,7.14071,Cotyledons,PDH (chl)
at1g01090,5.45029,Internode,PDH (chl)
at1g01090,6.73591,Root,PDH (chl)
at1g01090,6.91069,Root upper zone,PDH (chl)
at1g01090,6.92236,Pollen,PDH (chl)
at1g01090,5.51096,Node,PDH (chl)
at1g01090,6.59156,Silique,PDH (chl)
at1g01090,6.49946,Leaf proximal,PDH (chl)
at1g01090,5.99336,Flower,PDH (chl)
at1g01090,5.90885,Flower pedicle,PDH (chl)
at1g01090,7.38782,Shoot tip,PDH (chl)
at1g01090,6.077,Cauline leaf,PDH (chl)
at1g01090,6.8705,Stamen,PDH (chl)
at1g01090,6.58726,Petal,PDH (chl)
at1g01090,2.88681,Seed,PDH (chl)
at1g01090,6.02447,Cell culture early,PDH (chl)
at1g01090,6.24419,Leaf petiole,PDH (chl)
at1g01090,5.00132,Egg-cell like callus,PDH (chl)
at1g01090,5.82079,Carpel,PDH (chl)
at1g01090,3.27117,Seed imbibed,PDH (chl)
at1g01090,6.32394,Silique valves,PDH (chl)
at1g01090,6.84782,Root tip,PDH (chl)
at1g24180,6.41314,Silique septum,PDH (mit)
at1g24180,6.15901,Hypocotyl,PDH (mit)
at1g24180,6.7481,Callus,PDH (mit)
at1g24180,4.93167,Embryo,PDH (mit)
at1g24180,5.53319,Cell culture late,PDH (mit)
at1g24180,5.7502,Leaf distal,PDH (mit)
at1g24180,6.23539,Senescent leaf,PDH (mit)
at1g24180,7.27853,Sepal,PDH (mit)
at1g24180,6.1695,Cotyledons,PDH (mit)
at1g24180,5.45809,Internode,PDH (mit)
at1g24180,7.63105,Root,PDH (mit)
at1g24180,7.90347,Root upper zone,PDH (mit)
at1g24180,9.74109,Pollen,PDH (mit)
at1g24180,5.60664,Node,PDH (mit)
at1g24180,5.82543,Silique,PDH (mit)
at1g24180,5.604,Leaf proximal,PDH (mit)
at1g24180,5.96028,Flower,PDH (mit)
at1g24180,5.49542,Flower pedicle,PDH (mit)
at1g24180,5.9764,Shoot tip,PDH (mit)
at1g24180,5.46636,Cauline leaf,PDH (mit)
at1g24180,7.72399,Stamen,PDH (mit)
at1g24180,7.18266,Petal,PDH (mit)
at1g24180,6.8615,Seed,PDH (mit)
at1g24180,6.58285,Cell culture early,PDH (mit)
at1g24180,5.81545,Leaf petiole,PDH (mit)
at1g24180,6.73078,Egg-cell like callus,PDH (mit)
at1g24180,5.40074,Carpel,PDH (mit)
at1g24180,7.59287,Seed imbibed,PDH (mit)
at1g24180,6.15776,Silique valves,PDH (mit)
at1g24180,8.80763,Root tip,PDH (mit)
at1g30120,7.30057,Silique septum,PDH (chl)
at1g30120,6.99673,Hypocotyl,PDH (chl)
at1g30120,5.25978,Callus,PDH (chl)
at1g30120,9.13569,Embryo,PDH (chl)
at1g30120,4.45778,Cell culture late,PDH (chl)
at1g30120,6.49016,Leaf distal,PDH (chl)
at1g30120,5.1403,Senescent leaf,PDH (chl)
at1g30120,6.03939,Sepal,PDH (chl)
at1g30120,6.64817,Cotyledons,PDH (chl)
at1g30120,6.22646,Internode,PDH (chl)
at1g30120,6.47549,Root,PDH (chl)
at1g30120,6.51347,Root upper zone,PDH (chl)
at1g30120,5.23342,Pollen,PDH (chl)
at1g30120,6.29324,Node,PDH (chl)
at1g30120,6.98736,Silique,PDH (chl)
at1g30120,6.37951,Leaf proximal,PDH (chl)
at1g30120,6.37806,Flower,PDH (chl)
at1g30120,6.87455,Flower pedicle,PDH (chl)
at1g30120,6.72958,Shoot tip,PDH (chl)
at1g30120,5.98974,Cauline leaf,PDH (chl)
at1g30120,6.29706,Stamen,PDH (chl)
at1g30120,5.82164,Petal,PDH (chl)
at1g30120,5.87221,Cell culture early,PDH (chl)
at1g30120,6.43208,Leaf petiole,PDH (chl)
at1g30120,4.58023,Egg-cell like callus,PDH (chl)
at1g30120,6.36502,Carpel,PDH (chl)
at1g30120,7.54571,Silique valves,PDH (chl)
at1g30120,6.40233,Root tip,PDH (chl)
at1g59900,7.38002,Silique septum,PDH (mit)
at1g59900,6.71908,Hypocotyl,PDH (mit)
at1g59900,7.69667,Callus,PDH (mit)
at1g59900,6.79404,Embryo,PDH (mit)
at1g59900,6.6415,Cell culture late,PDH (mit)
at1g59900,7.30743,Leaf distal,PDH (mit)
at1g59900,7.07643,Senescent leaf,PDH (mit)
at1g59900,7.11989,Sepal,PDH (mit)
at1g59900,7.32474,Cotyledons,PDH (mit)
at1g59900,6.87663,Internode,PDH (mit)
at1g59900,6.8701,Root,PDH (mit)
at1g59900,6.70737,Root upper zone,PDH (mit)
at1g59900,4.78401,Pollen,PDH (mit)
at1g59900,6.99023,Node,PDH (mit)
at1g59900,6.52172,Silique,PDH (mit)
at1g59900,7.29943,Leaf proximal,PDH (mit)
at1g59900,6.66803,Flower,PDH (mit)
at1g59900,6.13863,Flower pedicle,PDH (mit)
at1g59900,7.55337,Shoot tip,PDH (mit)
at1g59900,7.17626,Cauline leaf,PDH (mit)
at1g59900,6.70626,Stamen,PDH (mit)
at1g59900,7.0419,Petal,PDH (mit)
at1g59900,8.33665,Seed,PDH (mit)
at1g59900,6.36133,Cell culture early,PDH (mit)
at1g59900,7.14594,Leaf petiole,PDH (mit)
at1g59900,6.53376,Egg-cell like callus,PDH (mit)
at1g59900,6.32165,Carpel,PDH (mit)
at1g59900,8.42327,Seed imbibed,PDH (mit)
at1g59900,7.68852,Silique valves,PDH (mit)
at1g59900,6.75896,Root tip,PDH (mit)
at1g64190,5.13175,Silique septum,PGD1 (cyt/chl)
at1g64190,6.06246,Hypocotyl,PGD1 (cyt/chl)
at1g64190,6.46366,Callus,PGD1 (cyt/chl)
at1g64190,6.37733,Embryo,PGD1 (cyt/chl)
at1g64190,6.938,Cell culture late,PGD1 (cyt/chl)
at1g64190,4.74314,Leaf distal,PGD1 (cyt/chl)
at1g64190,4.54958,Senescent leaf,PGD1 (cyt/chl)
at1g64190,4.75816,Sepal,PGD1 (cyt/chl)
at1g64190,5.6169,Cotyledons,PGD1 (cyt/chl)
at1g64190,4.89858,Internode,PGD1 (cyt/chl)
at1g64190,6.94708,Root,PGD1 (cyt/chl)
at1g64190,7.06347,Root upper zone,PGD1 (cyt/chl)
at1g64190,0.212191,Pollen,PGD1 (cyt/chl)
at1g64190,5.01524,Node,PGD1 (cyt/chl)
at1g64190,4.82265,Silique,PGD1 (cyt/chl)
at1g64190,4.64375,Leaf proximal,PGD1 (cyt/chl)
at1g64190,4.37584,Flower,PGD1 (cyt/chl)
at1g64190,4.19353,Flower pedicle,PGD1 (cyt/chl)
at1g64190,5.29436,Shoot tip,PGD1 (cyt/chl)
at1g64190,4.93119,Cauline leaf,PGD1 (cyt/chl)
at1g64190,3.93995,Stamen,PGD1 (cyt/chl)
at1g64190,3.8108,Petal,PGD1 (cyt/chl)
at1g64190,2.78849,Seed,PGD1 (cyt/chl)
at1g64190,7.72518,Cell culture early,PGD1 (cyt/chl)
at1g64190,4.99974,Leaf petiole,PGD1 (cyt/chl)
at1g64190,5.08783,Egg-cell like callus,PGD1 (cyt/chl)
at1g64190,4.56391,Carpel,PGD1 (cyt/chl)
at1g64190,6.9185,Seed imbibed,PGD1 (cyt/chl)
at1g64190,5.5263,Silique valves,PGD1 (cyt/chl)
at1g64190,7.08649,Root tip,PGD1 (cyt/chl)
at1g65930,7.13356,Silique septum,IDH (cyt)
at1g65930,8.93098,Hypocotyl,IDH (cyt)
at1g65930,8.24342,Callus,IDH (cyt)
at1g65930,8.76499,Embryo,IDH (cyt)
at1g65930,8.0653,Cell culture late,IDH (cyt)
at1g65930,8.29679,Leaf distal,IDH (cyt)
at1g65930,6.49113,Senescent leaf,IDH (cyt)
at1g65930,6.75818,Sepal,IDH (cyt)
at1g65930,9.26991,Cotyledons,IDH (cyt)
at1g65930,7.96599,Internode,IDH (cyt)
at1g65930,9.28461,Root,IDH (cyt)
at1g65930,9.1103,Root upper zone,IDH (cyt)
at1g65930,4.89756,Pollen,IDH (cyt)
at1g65930,8.00455,Node,IDH (cyt)
at1g65930,7.2632,Silique,IDH (cyt)
at1g65930,8.05835,Leaf proximal,IDH (cyt)
at1g65930,6.83203,Flower,IDH (cyt)
at1g65930,6.18752,Flower pedicle,IDH (cyt)
at1g65930,8.84152,Shoot tip,IDH (cyt)
at1g65930,8.10037,Cauline leaf,IDH (cyt)
at1g65930,6.32035,Stamen,IDH (cyt)
at1g65930,6.74154,Petal,IDH (cyt)
at1g65930,5.92486,Seed,IDH (cyt)
at1g65930,8.1614,Cell culture early,IDH (cyt)
at1g65930,8.4807,Leaf petiole,IDH (cyt)
at1g65930,7.85444,Egg-cell like callus,IDH (cyt)
at1g65930,6.75564,Carpel,IDH (cyt)
at1g65930,5.77762,Seed imbibed,IDH (cyt)
at1g65930,6.98561,Silique valves,IDH (cyt)
at1g65930,9.48993,Root tip,IDH (cyt)
at1g79750,6.55838,Silique septum,NADP-ME4 (chl)
at1g79750,6.44222,Hypocotyl,NADP-ME4 (chl)
at1g79750,6.86345,Callus,NADP-ME4 (chl)
at1g79750,6.87449,Embryo,NADP-ME4 (chl)
at1g79750,4.79855,Cell culture late,NADP-ME4 (chl)
at1g79750,5.94493,Leaf distal,NADP-ME4 (chl)
at1g79750,6.18818,Senescent leaf,NADP-ME4 (chl)
at1g79750,6.3226,Sepal,NADP-ME4 (chl)
at1g79750,6.22346,Cotyledons,NADP-ME4 (chl)
at1g79750,5.88682,Internode,NADP-ME4 (chl)
at1g79750,6.71636,Root,NADP-ME4 (chl)
at1g79750,6.6592,Root upper zone,NADP-ME4 (chl)
at1g79750,8.87304,Pollen,NADP-ME4 (chl)
at1g79750,5.85002,Node,NADP-ME4 (chl)
at1g79750,6.23948,Silique,NADP-ME4 (chl)
at1g79750,6.13121,Leaf proximal,NADP-ME4 (chl)
at1g79750,6.16521,Flower,NADP-ME4 (chl)
at1g79750,5.99673,Flower pedicle,NADP-ME4 (chl)
at1g79750,6.60308,Shoot tip,NADP-ME4 (chl)
at1g79750,6.07866,Cauline leaf,NADP-ME4 (chl)
at1g79750,6.90036,Stamen,NADP-ME4 (chl)
at1g79750,6.35139,Petal,NADP-ME4 (chl)
at1g79750,6.23066,Seed,NADP-ME4 (chl)
at1g79750,5.03194,Cell culture early,NADP-ME4 (chl)
at1g79750,6.18293,Leaf petiole,NADP-ME4 (chl)
at1g79750,4.79452,Egg-cell like callus,NADP-ME4 (chl)
at1g79750,6.37085,Carpel,NADP-ME4 (chl)
at1g79750,6.12348,Seed imbibed,NADP-ME4 (chl)
at1g79750,6.42159,Silique valves,NADP-ME4 (chl)
at1g79750,6.66091,Root tip,NADP-ME4 (chl)
at2g13560,6.84582,Silique septum,NAD-ME1 (mit)
at2g13560,6.41151,Hypocotyl,NAD-ME1 (mit)
at2g13560,7.16621,Callus,NAD-ME1 (mit)
at2g13560,5.48987,Embryo,NAD-ME1 (mit)
at2g13560,6.54759,Cell culture late,NAD-ME1 (mit)
at2g13560,6.74398,Leaf distal,NAD-ME1 (mit)
at2g13560,7.14283,Senescent leaf,NAD-ME1 (mit)
at2g13560,6.78383,Sepal,NAD-ME1 (mit)
at2g13560,6.5066,Cotyledons,NAD-ME1 (mit)
at2g13560,6.36053,Internode,NAD-ME1 (mit)
at2g13560,6.76227,Root,NAD-ME1 (mit)
at2g13560,6.93618,Root upper zone,NAD-ME1 (mit)
at2g13560,1.44274,Pollen,NAD-ME1 (mit)
at2g13560,6.54914,Node,NAD-ME1 (mit)
at2g13560,6.47373,Silique,NAD-ME1 (mit)
at2g13560,6.83909,Leaf proximal,NAD-ME1 (mit)
at2g13560,6.44152,Flower,NAD-ME1 (mit)
at2g13560,6.44425,Flower pedicle,NAD-ME1 (mit)
at2g13560,6.63624,Shoot tip,NAD-ME1 (mit)
at2g13560,6.70071,Cauline leaf,NAD-ME1 (mit)
at2g13560,5.98453,Stamen,NAD-ME1 (mit)
at2g13560,6.47158,Petal,NAD-ME1 (mit)
at2g13560,5.25962,Seed,NAD-ME1 (mit)
at2g13560,6.73657,Cell culture early,NAD-ME1 (mit)
at2g13560,6.72809,Leaf petiole,NAD-ME1 (mit)
at2g13560,6.12103,Egg-cell like callus,NAD-ME1 (mit)
at2g13560,6.27255,Carpel,NAD-ME1 (mit)
at2g13560,4.816,Seed imbibed,NAD-ME1 (mit)
at2g13560,7.2599,Silique valves,NAD-ME1 (mit)
at2g13560,7.00793,Root tip,NAD-ME1 (mit)
at2g17130,5.14909,Silique septum,IDH (mit)
at2g17130,4.55048,Hypocotyl,IDH (mit)
at2g17130,4.95465,Callus,IDH (mit)
at2g17130,3.55503,Embryo,IDH (mit)
at2g17130,4.57663,Cell culture late,IDH (mit)
at2g17130,5.1801,Leaf distal,IDH (mit)
at2g17130,5.72596,Senescent leaf,IDH (mit)
at2g17130,6.1277,Sepal,IDH (mit)
at2g17130,4.8838,Cotyledons,IDH (mit)
at2g17130,4.15238,Internode,IDH (mit)
at2g17130,5.77704,Root,IDH (mit)
at2g17130,6.05323,Root upper zone,IDH (mit)
at2g17130,5.12035,Pollen,IDH (mit)
at2g17130,4.23713,Node,IDH (mit)
at2g17130,4.49868,Silique,IDH (mit)
at2g17130,4.97085,Leaf proximal,IDH (mit)
at2g17130,4.61564,Flower,IDH (mit)
at2g17130,3.75995,Flower pedicle,IDH (mit)
at2g17130,4.54611,Shoot tip,IDH (mit)
at2g17130,5.14215,Cauline leaf,IDH (mit)
at2g17130,5.6996,Stamen,IDH (mit)
at2g17130,5.8777,Petal,IDH (mit)
at2g17130,4.53538,Seed,IDH (mit)
at2g17130,4.56955,Cell culture early,IDH (mit)
at2g17130,4.77554,Leaf petiole,IDH (mit)
at2g17130,4.09825,Egg-cell like callus,IDH (mit)
at2g17130,3.74807,Carpel,IDH (mit)
at2g17130,5.36037,Seed imbibed,IDH (mit)
at2g17130,5.22708,Silique valves,IDH (mit)
at2g17130,7.0163,Root tip,IDH (mit)
at2g19900,1.2575,Silique septum,NADP-ME1 (cyt)
at2g19900,3.98234,Callus,NADP-ME1 (cyt)
at2g19900,6.39774,Embryo,NADP-ME1 (cyt)
at2g19900,1.34816,Cell culture late,NADP-ME1 (cyt)
at2g19900,3.36037,Senescent leaf,NADP-ME1 (cyt)
at2g19900,3.47578,Sepal,NADP-ME1 (cyt)
at2g19900,1.35913,Root,NADP-ME1 (cyt)
at2g19900,2.5433,Pollen,NADP-ME1 (cyt)
at2g19900,0.295074,Stamen,NADP-ME1 (cyt)
at2g19900,10.8837,Seed,NADP-ME1 (cyt)
at2g19900,10.27,Seed imbibed,NADP-ME1 (cyt)
at2g19900,2.94251,Silique valves,NADP-ME1 (cyt)
at2g34590,5.62435,Silique septum,PDH (chl)
at2g34590,6.34662,Hypocotyl,PDH (chl)
at2g34590,5.40758,Callus,PDH (chl)
at2g34590,8.91481,Embryo,PDH (chl)
at2g34590,4.68714,Cell culture late,PDH (chl)
at2g34590,6.00175,Leaf distal,PDH (chl)
at2g34590,3.85792,Senescent leaf,PDH (chl)
at2g34590,3.52892,Sepal,PDH (chl)
at2g34590,6.12423,Cotyledons,PDH (chl)
at2g34590,6.01407,Internode,PDH (chl)
at2g34590,6.16939,Root,PDH (chl)
at2g34590,6.10682,Root upper zone,PDH (chl)
at2g34590,5.89319,Node,PDH (chl)
at2g34590,6.0194,Silique,PDH (chl)
at2g34590,5.82351,Leaf proximal,PDH (chl)
at2g34590,5.65061,Flower,PDH (chl)
at2g34590,5.5702,Flower pedicle,PDH (chl)
at2g34590,6.73315,Shoot tip,PDH (chl)
at2g34590,5.14158,Cauline leaf,PDH (chl)
at2g34590,4.89887,Stamen,PDH (chl)
at2g34590,4.91953,Petal,PDH (chl)
at2g34590,3.28872,Seed,PDH (chl)
at2g34590,6.06029,Cell culture early,PDH (chl)
at2g34590,6.03235,Leaf petiole,PDH (chl)
at2g34590,4.34411,Egg-cell like callus,PDH (chl)
at2g34590,5.6643,Carpel,PDH (chl)
at2g34590,3.02928,Seed imbibed,PDH (chl)
at2g34590,5.23796,Silique valves,PDH (chl)
at2g34590,6.38095,Root tip,PDH (chl)
at3g02360,7.43623,Silique septum,PGD2 (cyt/per)
at3g02360,6.45561,Hypocotyl,PGD2 (cyt/per)
at3g02360,7.13833,Callus,PGD2 (cyt/per)
at3g02360,8.3198,Embryo,PGD2 (cyt/per)
at3g02360,6.78364,Cell culture late,PGD2 (cyt/per)
at3g02360,6.52039,Leaf distal,PGD2 (cyt/per)
at3g02360,7.63559,Senescent leaf,PGD2 (cyt/per)
at3g02360,7.50315,Sepal,PGD2 (cyt/per)
at3g02360,6.18697,Cotyledons,PGD2 (cyt/per)
at3g02360,7.11464,Internode,PGD2 (cyt/per)
at3g02360,7.36385,Root,PGD2 (cyt/per)
at3g02360,7.36698,Root upper zone,PGD2 (cyt/per)
at3g02360,8.54492,Pollen,PGD2 (cyt/per)
at3g02360,7.16499,Node,PGD2 (cyt/per)
at3g02360,6.49158,Silique,PGD2 (cyt/per)
at3g02360,6.30862,Leaf proximal,PGD2 (cyt/per)
at3g02360,6.26177,Flower,PGD2 (cyt/per)
at3g02360,6.72867,Flower pedicle,PGD2 (cyt/per)
at3g02360,6.0348,Shoot tip,PGD2 (cyt/per)
at3g02360,6.32572,Cauline leaf,PGD2 (cyt/per)
at3g02360,7.04875,Stamen,PGD2 (cyt/per)
at3g02360,6.87135,Petal,PGD2 (cyt/per)
at3g02360,6.20459,Seed,PGD2 (cyt/per)
at3g02360,5.9622,Cell culture early,PGD2 (cyt/per)
at3g02360,6.30082,Leaf petiole,PGD2 (cyt/per)
at3g02360,6.92808,Egg-cell like callus,PGD2 (cyt/per)
at3g02360,5.84622,Carpel,PGD2 (cyt/per)
at3g02360,6.36466,Seed imbibed,PGD2 (cyt/per)
at3g02360,7.78783,Silique valves,PGD2 (cyt/per)
at3g02360,8.00793,Root tip,PGD2 (cyt/per)
at3g09810,4.63242,Silique septum,IDH (mit)
at3g09810,4.53545,Hypocotyl,IDH (mit)
at3g09810,4.58458,Callus,IDH (mit)
at3g09810,4.20866,Embryo,IDH (mit)
at3g09810,4.09809,Cell culture late,IDH (mit)
at3g09810,4.42407,Leaf distal,IDH (mit)
at3g09810,5.46123,Senescent leaf,IDH (mit)
at3g09810,5.40667,Sepal,IDH (mit)
at3g09810,4.37532,Cotyledons,IDH (mit)
at3g09810,3.83543,Internode,IDH (mit)
at3g09810,5.55406,Root,IDH (mit)
at3g09810,5.8834,Root upper zone,IDH (mit)
at3g09810,6.2389,Pollen,IDH (mit)
at3g09810,3.84505,Node,IDH (mit)
at3g09810,4.65693,Silique,IDH (mit)
at3g09810,4.22233,Leaf proximal,IDH (mit)
at3g09810,4.17067,Flower,IDH (mit)
at3g09810,3.97061,Flower pedicle,IDH (mit)
at3g09810,3.87146,Shoot tip,IDH (mit)
at3g09810,3.77985,Cauline leaf,IDH (mit)
at3g09810,4.95555,Stamen,IDH (mit)
at3g09810,4.80435,Petal,IDH (mit)
at3g09810,1.64067,Seed,IDH (mit)
at3g09810,5.29776,Cell culture early,IDH (mit)
at3g09810,4.18442,Leaf petiole,IDH (mit)
at3g09810,4.69079,Egg-cell like callus,IDH (mit)
at3g09810,3.8784,Carpel,IDH (mit)
at3g09810,4.62708,Seed imbibed,IDH (mit)
at3g09810,4.94587,Silique valves,IDH (mit)
at3g09810,6.66281,Root tip,IDH (mit)
at3g55410,6.04743,Silique septum,2OGDH (mit)
at3g55410,5.41007,Hypocotyl,2OGDH (mit)
at3g55410,6.08857,Callus,2OGDH (mit)
at3g55410,4.4916,Embryo,2OGDH (mit)
at3g55410,5.77535,Cell culture late,2OGDH (mit)
at3g55410,6.6643,Leaf distal,2OGDH (mit)
at3g55410,7.32048,Senescent leaf,2OGDH (mit)
at3g55410,7.37008,Sepal,2OGDH (mit)
at3g55410,5.56562,Cotyledons,2OGDH (mit)
at3g55410,5.09991,Internode,2OGDH (mit)
at3g55410,6.28841,Root,2OGDH (mit)
at3g55410,6.62944,Root upper zone,2OGDH (mit)
at3g55410,7.7299,Pollen,2OGDH (mit)
at3g55410,5.06492,Node,2OGDH (mit)
at3g55410,5.60214,Silique,2OGDH (mit)
at3g55410,6.42843,Leaf proximal,2OGDH (mit)
at3g55410,5.92086,Flower,2OGDH (mit)
at3g55410,5.32739,Flower pedicle,2OGDH (mit)
at3g55410,5.44563,Shoot tip,2OGDH (mit)
at3g55410,4.82702,Cauline leaf,2OGDH (mit)
at3g55410,6.16281,Stamen,2OGDH (mit)
at3g55410,6.24488,Petal,2OGDH (mit)
at3g55410,3.09691,Seed,2OGDH (mit)
at3g55410,7.08603,Cell culture early,2OGDH (mit)
at3g55410,6.03242,Leaf petiole,2OGDH (mit)
at3g55410,5.60602,Egg-cell like callus,2OGDH (mit)
at3g55410,5.41815,Carpel,2OGDH (mit)
at3g55410,4.07973,Seed imbibed,2OGDH (mit)
at3g55410,6.15872,Silique valves,2OGDH (mit)
at3g55410,6.78315,Root tip,2OGDH (mit)
at4g00570,5.15222,Silique septum,NAD-ME2 (mit)
at4g00570,5.40374,Hypocotyl,NAD-ME2 (mit)
at4g00570,5.70751,Callus,NAD-ME2 (mit)
at4g00570,2.32434,Embryo,NAD-ME2 (mit)
at4g00570,4.07651,Cell culture late,NAD-ME2 (mit)
at4g00570,6.16912,Leaf distal,NAD-ME2 (mit)
at4g00570,6.1116,Senescent leaf,NAD-ME2 (mit)
at4g00570,6.22818,Sepal,NAD-ME2 (mit)
at4g00570,5.78958,Cotyledons,NAD-ME2 (mit)
at4g00570,4.89809,Internode,NAD-ME2 (mit)
at4g00570,5.86873,Root,NAD-ME2 (mit)
at4g00570,6.07731,Root upper zone,NAD-ME2 (mit)
at4g00570,6.56046,Pollen,NAD-ME2 (mit)
at4g00570,4.92107,Node,NAD-ME2 (mit)
at4g00570,5.71902,Silique,NAD-ME2 (mit)
at4g00570,5.87651,Leaf proximal,NAD-ME2 (mit)
at4g00570,5.40136,Flower,NAD-ME2 (mit)
at4g00570,5.54141,Flower pedicle,NAD-ME2 (mit)
at4g00570,5.66054,Shoot tip,NAD-ME2 (mit)
at4g00570,5.28476,Cauline leaf,NAD-ME2 (mit)
at4g00570,5.63528,Stamen,NAD-ME2 (mit)
at4g00570,5.63335,Petal,NAD-ME2 (mit)
at4g00570,1.96495,Seed,NAD-ME2 (mit)
at4g00570,4.8268,Cell culture early,NAD-ME2 (mit)
at4g00570,5.40594,Leaf petiole,NAD-ME2 (mit)
at4g00570,4.56757,Egg-cell like callus,NAD-ME2 (mit)
at4g00570,5.76904,Carpel,NAD-ME2 (mit)
at4g00570,2.3263,Seed imbibed,NAD-ME2 (mit)
at4g00570,5.12944,Silique valves,NAD-ME2 (mit)
at4g00570,6.01671,Root tip,NAD-ME2 (mit)
at4g26910,5.43624,Silique septum,2OGDH (mit)
at4g26910,5.4552,Hypocotyl,2OGDH (mit)
at4g26910,5.76946,Callus,2OGDH (mit)
at4g26910,4.18048,Embryo,2OGDH (mit)
at4g26910,5.20532,Cell culture late,2OGDH (mit)
at4g26910,6.16335,Leaf distal,2OGDH (mit)
at4g26910,6.86608,Senescent leaf,2OGDH (mit)
at4g26910,6.71526,Sepal,2OGDH (mit)
at4g26910,5.10877,Cotyledons,2OGDH (mit)
at4g26910,4.6097,Internode,2OGDH (mit)
at4g26910,6.33248,Root,2OGDH (mit)
at4g26910,6.59733,Root upper zone,2OGDH (mit)
at4g26910,8.41597,Pollen,2OGDH (mit)
at4g26910,4.69545,Node,2OGDH (mit)
at4g26910,5.10066,Silique,2OGDH (mit)
at4g26910,5.88832,Leaf proximal,2OGDH (mit)
at4g26910,5.08041,Flower,2OGDH (mit)
at4g26910,4.43005,Flower pedicle,2OGDH (mit)
at4g26910,4.95529,Shoot tip,2OGDH (mit)
at4g26910,5.57064,Cauline leaf,2OGDH (mit)
at4g26910,6.06105,Stamen,2OGDH (mit)
at4g26910,6.08113,Petal,2OGDH (mit)
at4g26910,3.36553,Seed,2OGDH (mit)
at4g26910,5.84243,Cell culture early,2OGDH (mit)
at4g26910,5.72403,Leaf petiole,2OGDH (mit)
at4g26910,4.88638,Egg-cell like callus,2OGDH (mit)
at4g26910,4.65721,Carpel,2OGDH (mit)
at4g26910,2.91087,Seed imbibed,2OGDH (mit)
at4g26910,5.61468,Silique valves,2OGDH (mit)
at4g26910,7.07837,Root tip,2OGDH (mit)
at4g35260,6.01166,Silique septum,IDH (mit)
at4g35260,6.02719,Hypocotyl,IDH (mit)
at4g35260,5.70446,Callus,IDH (mit)
at4g35260,5.51679,Embryo,IDH (mit)
at4g35260,5.28093,Cell culture late,IDH (mit)
at4g35260,5.84367,Leaf distal,IDH (mit)
at4g35260,6.89877,Senescent leaf,IDH (mit)
at4g35260,6.87869,Sepal,IDH (mit)
at4g35260,5.86465,Cotyledons,IDH (mit)
at4g35260,5.14942,Internode,IDH (mit)
at4g35260,6.52412,Root,IDH (mit)
at4g35260,6.57257,Root upper zone,IDH (mit)
at4g35260,6.55547,Pollen,IDH (mit)
at4g35260,5.18378,Node,IDH (mit)
at4g35260,5.77708,Silique,IDH (mit)
at4g35260,5.73643,Leaf proximal,IDH (mit)
at4g35260,5.42038,Flower,IDH (mit)
at4g35260,5.13697,Flower pedicle,IDH (mit)
at4g35260,5.49763,Shoot tip,IDH (mit)
at4g35260,6.05225,Cauline leaf,IDH (mit)
at4g35260,6.08185,Stamen,IDH (mit)
at4g35260,6.31917,Petal,IDH (mit)
at4g35260,4.84738,Seed,IDH (mit)
at4g35260,6.3598,Cell culture early,IDH (mit)
at4g35260,5.54727,Leaf petiole,IDH (mit)
at4g35260,6.01175,Egg-cell like callus,IDH (mit)
at4g35260,5.24694,Carpel,IDH (mit)
at4g35260,6.33451,Seed imbibed,IDH (mit)
at4g35260,6.17391,Silique valves,IDH (mit)
at4g35260,7.16874,Root tip,IDH (mit)
at4g35650,0.315114,Sepal,IDH (mit)
at4g35650,7.24893,Pollen,IDH (mit)
at4g35650,0.434653,Flower,IDH (mit)
at4g35650,3.63446,Stamen,IDH (mit)
at4g35650,0.53548,Petal,IDH (mit)
at4g35650,3.33868,Cell culture early,IDH (mit)
at5g03290,6.69544,Silique septum,IDH (mit)
at5g03290,6.73407,Hypocotyl,IDH (mit)
at5g03290,6.51411,Callus,IDH (mit)
at5g03290,5.54528,Embryo,IDH (mit)
at5g03290,5.86504,Cell culture late,IDH (mit)
at5g03290,6.6126,Leaf distal,IDH (mit)
at5g03290,7.40805,Senescent leaf,IDH (mit)
at5g03290,7.47108,Sepal,IDH (mit)
at5g03290,6.54382,Cotyledons,IDH (mit)
at5g03290,5.45181,Internode,IDH (mit)
at5g03290,7.13107,Root,IDH (mit)
at5g03290,7.20252,Root upper zone,IDH (mit)
at5g03290,7.86496,Pollen,IDH (mit)
at5g03290,5.54216,Node,IDH (mit)
at5g03290,5.91306,Silique,IDH (mit)
at5g03290,6.42692,Leaf proximal,IDH (mit)
at5g03290,5.97754,Flower,IDH (mit)
at5g03290,5.55551,Flower pedicle,IDH (mit)
at5g03290,6.36112,Shoot tip,IDH (mit)
at5g03290,6.36537,Cauline leaf,IDH (mit)
at5g03290,6.66589,Stamen,IDH (mit)
at5g03290,6.79198,Petal,IDH (mit)
at5g03290,6.2361,Seed,IDH (mit)
at5g03290,6.61767,Cell culture early,IDH (mit)
at5g03290,6.22472,Leaf petiole,IDH (mit)
at5g03290,6.2163,Egg-cell like callus,IDH (mit)
at5g03290,5.43457,Carpel,IDH (mit)
at5g03290,7.35254,Seed imbibed,IDH (mit)
at5g03290,6.93982,Silique valves,IDH (mit)
at5g03290,7.66633,Root tip,IDH (mit)
at5g11670,7.44741,Silique septum,NADP-ME2 (cyt)
at5g11670,8.53125,Hypocotyl,NADP-ME2 (cyt)
at5g11670,8.07715,Callus,NADP-ME2 (cyt)
at5g11670,5.43889,Embryo,NADP-ME2 (cyt)
at5g11670,9.4364,Cell culture late,NADP-ME2 (cyt)
at5g11670,8.83527,Leaf distal,NADP-ME2 (cyt)
at5g11670,8.29767,Senescent leaf,NADP-ME2 (cyt)
at5g11670,9.13876,Sepal,NADP-ME2 (cyt)
at5g11670,7.02149,Cotyledons,NADP-ME2 (cyt)
at5g11670,6.96244,Internode,NADP-ME2 (cyt)
at5g11670,9.89328,Root,NADP-ME2 (cyt)
at5g11670,8.68972,Root upper zone,NADP-ME2 (cyt)
at5g11670,7.15131,Node,NADP-ME2 (cyt)
at5g11670,5.09088,Silique,NADP-ME2 (cyt)
at5g11670,8.401,Leaf proximal,NADP-ME2 (cyt)
at5g11670,6.80262,Flower,NADP-ME2 (cyt)
at5g11670,5.24341,Flower pedicle,NADP-ME2 (cyt)
at5g11670,6.05727,Shoot tip,NADP-ME2 (cyt)
at5g11670,8.28364,Cauline leaf,NADP-ME2 (cyt)
at5g11670,7.10349,Stamen,NADP-ME2 (cyt)
at5g11670,8.3962,Petal,NADP-ME2 (cyt)
at5g11670,1.92817,Seed,NADP-ME2 (cyt)
at5g11670,8.39785,Cell culture early,NADP-ME2 (cyt)
at5g11670,9.06078,Leaf petiole,NADP-ME2 (cyt)
at5g11670,8.06318,Egg-cell like callus,NADP-ME2 (cyt)
at5g11670,6.27618,Carpel,NADP-ME2 (cyt)
at5g11670,1.88962,Seed imbibed,NADP-ME2 (cyt)
at5g11670,7.47715,Silique valves,NADP-ME2 (cyt)
at5g11670,8.94932,Root tip,NADP-ME2 (cyt)
at5g14590,5.21429,Silique septum,IDH (mit/chl)
at5g14590,5.31222,Hypocotyl,IDH (mit/chl)
at5g14590,5.63561,Callus,IDH (mit/chl)
at5g14590,4.13326,Embryo,IDH (mit/chl)
at5g14590,5.97433,Cell culture late,IDH (mit/chl)
at5g14590,4.8096,Leaf distal,IDH (mit/chl)
at5g14590,5.54208,Senescent leaf,IDH (mit/chl)
at5g14590,5.1765,Sepal,IDH (mit/chl)
at5g14590,5.67571,Cotyledons,IDH (mit/chl)
at5g14590,4.74847,Internode,IDH (mit/chl)
at5g14590,5.5189,Root,IDH (mit/chl)
at5g14590,5.70022,Root upper zone,IDH (mit/chl)
at5g14590,2.52058,Pollen,IDH (mit/chl)
at5g14590,4.80292,Node,IDH (mit/chl)
at5g14590,4.56443,Silique,IDH (mit/chl)
at5g14590,4.95734,Leaf proximal,IDH (mit/chl)
at5g14590,4.54095,Flower,IDH (mit/chl)
at5g14590,4.16348,Flower pedicle,IDH (mit/chl)
at5g14590,5.30938,Shoot tip,IDH (mit/chl)
at5g14590,5.54294,Cauline leaf,IDH (mit/chl)
at5g14590,5.01817,Stamen,IDH (mit/chl)
at5g14590,5.10214,Petal,IDH (mit/chl)
at5g14590,7.01468,Seed,IDH (mit/chl)
at5g14590,6.94269,Cell culture early,IDH (mit/chl)
at5g14590,5.034,Leaf petiole,IDH (mit/chl)
at5g14590,5.71251,Egg-cell like callus,IDH (mit/chl)
at5g14590,4.45143,Carpel,IDH (mit/chl)
at5g14590,6.73291,Seed imbibed,IDH (mit/chl)
at5g14590,5.43754,Silique valves,IDH (mit/chl)
at5g14590,5.47184,Root tip,IDH (mit/chl)
at5g25880,0.961846,Silique septum,NADP-ME3 (cyt)
at5g25880,0.985878,Callus,NADP-ME3 (cyt)
at5g25880,0.0960444,Sepal,NADP-ME3 (cyt)
at5g25880,1.39501,Root,NADP-ME3 (cyt)
at5g25880,1.27688,Root upper zone,NADP-ME3 (cyt)
at5g25880,6.95854,Pollen,NADP-ME3 (cyt)
at5g25880,3.11864,Silique,NADP-ME3 (cyt)
at5g25880,2.10377,Flower,NADP-ME3 (cyt)
at5g25880,2.37554,Flower pedicle,NADP-ME3 (cyt)
at5g25880,0.467989,Shoot tip,NADP-ME3 (cyt)
at5g25880,3.07189,Stamen,NADP-ME3 (cyt)
at5g25880,0.439404,Petal,NADP-ME3 (cyt)
at5g25880,1.38679,Cell culture early,NADP-ME3 (cyt)
at5g25880,1.84058,Carpel,NADP-ME3 (cyt)
at5g25880,1.80351,Root tip,NADP-ME3 (cyt)
at5g41670,4.19717,Silique septum,PGD3 (cyt/chl)
at5g41670,7.1428,Hypocotyl,PGD3 (cyt/chl)
at5g41670,8.06308,Callus,PGD3 (cyt/chl)
at5g41670,5.96663,Embryo,PGD3 (cyt/chl)
at5g41670,5.35735,Cell culture late,PGD3 (cyt/chl)
at5g41670,4.9326,Leaf distal,PGD3 (cyt/chl)
at5g41670,4.41921,Senescent leaf,PGD3 (cyt/chl)
at5g41670,4.69975,Sepal,PGD3 (cyt/chl)
at5g41670,6.13462,Cotyledons,PGD3 (cyt/chl)
at5g41670,4.59795,Internode,PGD3 (cyt/chl)
at5g41670,7.13786,Root,PGD3 (cyt/chl)
at5g41670,7.7074,Root upper zone,PGD3 (cyt/chl)
at5g41670,4.63205,Pollen,PGD3 (cyt/chl)
at5g41670,4.72196,Node,PGD3 (cyt/chl)
at5g41670,4.49019,Silique,PGD3 (cyt/chl)
at5g41670,4.8561,Leaf proximal,PGD3 (cyt/chl)
at5g41670,4.07235,Flower,PGD3 (cyt/chl)
at5g41670,3.81113,Flower pedicle,PGD3 (cyt/chl)
at5g41670,5.74269,Shoot tip,PGD3 (cyt/chl)
at5g41670,4.56673,Cauline leaf,PGD3 (cyt/chl)
at5g41670,3.56385,Stamen,PGD3 (cyt/chl)
at5g41670,2.98928,Petal,PGD3 (cyt/chl)
at5g41670,2.72874,Seed,PGD3 (cyt/chl)
at5g41670,7.1332,Cell culture early,PGD3 (cyt/chl)
at5g41670,4.617,Leaf petiole,PGD3 (cyt/chl)
at5g41670,4.86335,Egg-cell like callus,PGD3 (cyt/chl)
at5g41670,4.35237,Carpel,PGD3 (cyt/chl)
at5g41670,5.95847,Seed imbibed,PGD3 (cyt/chl)
at5g41670,4.60093,Silique valves,PGD3 (cyt/chl)
at5g41670,7.30388,Root tip,PGD3 (cyt/chl)
at5g50850,6.28104,Silique septum,PDH (mit)
at5g50850,6.57765,Hypocotyl,PDH (mit)
at5g50850,6.40801,Callus,PDH (mit)
at5g50850,6.40793,Embryo,PDH (mit)
at5g50850,6.64102,Cell culture late,PDH (mit)
at5g50850,6.88875,Leaf distal,PDH (mit)
at5g50850,7.04223,Senescent leaf,PDH (mit)
at5g50850,7.04866,Sepal,PDH (mit)
at5g50850,7.15362,Cotyledons,PDH (mit)
at5g50850,6.08813,Internode,PDH (mit)
at5g50850,7.53099,Root,PDH (mit)
at5g50850,7.69881,Root upper zone,PDH (mit)
at5g50850,7.49874,Pollen,PDH (mit)
at5g50850,6.10321,Node,PDH (mit)
at5g50850,6.29779,Silique,PDH (mit)
at5g50850,6.61979,Leaf proximal,PDH (mit)
at5g50850,6.0189,Flower,PDH (mit)
at5g50850,5.97227,Flower pedicle,PDH (mit)
at5g50850,6.93504,Shoot tip,PDH (mit)
at5g50850,6.52531,Cauline leaf,PDH (mit)
at5g50850,6.53222,Stamen,PDH (mit)
at5g50850,6.63569,Petal,PDH (mit)
at5g50850,6.21332,Seed,PDH (mit)
at5g50850,7.84721,Cell culture early,PDH (mit)
at5g50850,6.32627,Leaf petiole,PDH (mit)
at5g50850,6.13933,Egg-cell like callus,PDH (mit)
at5g50850,5.81973,Carpel,PDH (mit)
at5g50850,6.71112,Seed imbibed,PDH (mit)
at5g50850,6.64361,Silique valves,PDH (mit)
at5g50850,8.41102,Root tip,PDH (mit)
at5g55070,5.84866,Silique septum,2OGDH (mit)
at5g55070,5.47874,Hypocotyl,2OGDH (mit)
at5g55070,6.10814,Callus,2OGDH (mit)
at5g55070,5.23971,Embryo,2OGDH (mit)
at5g55070,6.76218,Cell culture late,2OGDH (mit)
at5g55070,5.61546,Leaf distal,2OGDH (mit)
at5g55070,6.99248,Senescent leaf,2OGDH (mit)
at5g55070,6.7144,Sepal,2OGDH (mit)
at5g55070,5.57281,Cotyledons,2OGDH (mit)
at5g55070,5.0465,Internode,2OGDH (mit)
at5g55070,6.11268,Root,2OGDH (mit)
at5g55070,6.32893,Root upper zone,2OGDH (mit)
at5g55070,7.53299,Pollen,2OGDH (mit)
at5g55070,5.10561,Node,2OGDH (mit)
at5g55070,5.80013,Silique,2OGDH (mit)
at5g55070,5.41079,Leaf proximal,2OGDH (mit)
at5g55070,5.80744,Flower,2OGDH (mit)
at5g55070,4.83734,Flower pedicle,2OGDH (mit)
at5g55070,5.41342,Shoot tip,2OGDH (mit)
at5g55070,5.33684,Cauline leaf,2OGDH (mit)
at5g55070,6.20194,Stamen,2OGDH (mit)
at5g55070,6.06955,Petal,2OGDH (mit)
at5g55070,6.7264,Seed,2OGDH (mit)
at5g55070,8.17006,Cell culture early,2OGDH (mit)
at5g55070,5.51069,Leaf petiole,2OGDH (mit)
at5g55070,5.70217,Egg-cell like callus,2OGDH (mit)
at5g55070,5.55914,Carpel,2OGDH (mit)
at5g55070,6.97164,Seed imbibed,2OGDH (mit)
at5g55070,5.78868,Silique valves,2OGDH (mit)
at5g55070,6.41516,Root tip,2OGDH (mit)
at5g65750,6.10543,Silique septum,2OGDH (mit)
at5g65750,5.10877,Hypocotyl,2OGDH (mit)
at5g65750,6.25121,Callus,2OGDH (mit)
at5g65750,5.08146,Embryo,2OGDH (mit)
at5g65750,4.71395,Cell culture late,2OGDH (mit)
at5g65750,3.96506,Leaf distal,2OGDH (mit)
at5g65750,5.86487,Senescent leaf,2OGDH (mit)
at5g65750,5.04464,Sepal,2OGDH (mit)
at5g65750,4.05438,Cotyledons,2OGDH (mit)
at5g65750,5.21334,Internode,2OGDH (mit)
at5g65750,4.99577,Root,2OGDH (mit)
at5g65750,5.12087,Root upper zone,2OGDH (mit)
at5g65750,1.77094,Pollen,2OGDH (mit)
at5g65750,5.38284,Node,2OGDH (mit)
at5g65750,4.86798,Silique,2OGDH (mit)
at5g65750,4.26797,Leaf proximal,2OGDH (mit)
at5g65750,4.51576,Flower,2OGDH (mit)
at5g65750,4.67119,Flower pedicle,2OGDH (mit)
at5g65750,4.47784,Shoot tip,2OGDH (mit)
at5g65750,4.97424,Cauline leaf,2OGDH (mit)
at5g65750,3.9733,Stamen,2OGDH (mit)
at5g65750,4.39771,Petal,2OGDH (mit)
at5g65750,8.49746,Seed,2OGDH (mit)
at5g65750,5.93533,Cell culture early,2OGDH (mit)
at5g65750,5.32377,Leaf petiole,2OGDH (mit)
at5g65750,5.88199,Egg-cell like callus,2OGDH (mit)
at5g65750,4.60201,Carpel,2OGDH (mit)
at5g65750,8.30735,Seed imbibed,2OGDH (mit)
at5g65750,6.12201,Silique valves,2OGDH (mit)
at5g65750,4.63319,Root tip,2OGDH (mit)
